,t_text,t_coord,t_geo,t_user
0,"Dont know what to say, this is just really sad. #Mumbai #Covid_19 #covidindia https://t.co/bLYWga2Gqz",,,"London, England"
1,RT @RajapalayamMNM:.#LocustSwarmsAttack,,,Ramanathapuram 
2,"RT @MbmcNetizen: COVID19 report for 26th May 2020 - Mira Bhayander
Total Cumulative: 541
Total new positive : 8#MBMC #mirabhayander
#mira",,,Mumbai
3,"RT @moneycontrolcom: Pained by the plight of #migrantworkers walking home amid the #Coronavirus lockdown, actor #SonuSood arranged for buse",,,"New Delhi, India"
4,"#covidindia Kerala 26-05-2020Persons returned after 13th MayBy air: 8721(8390), 331By sea: 1621(1621), 0By train: 5363(4558), 805By road  : 86574(82678), 3896

Total : 102279(97247), 5032 https://t.co/ofXiQh8d01",,,
5,"#covidindia Kerala 26-05-2020NRI cases confirmed : 177(150), 27NRK cases confirmed : 204(171), 33Cases confirmed of expatriates returned, from May 13th",,,
6,"#covidindia Kerala 26-05-2020Sentinel surveillance - apart from normal testingFrontline workers sample collected : 8599
Negative : 8174
Positive : 6*Augmented testing - added in main testing numbers",,,
7,"#covidindia Kerala 26-05-2020Samples tested : 56704(54899) , 1805Negative : 54836(53704), 1132Active cases : 415(359), 56Recovered : 542(532), 10Deceased : 6(5), 1 https://t.co/3UFJpJwUqS",,,
8,.#LocustSwarmsAttack.#Locusts #LocustAttack #LocustInvasion #locustswarm #COVID19india #covidindia https://t.co/RUm3jf0Uj8,,,
9,"#covidindia Kerala 26-05-202067 new caseConfirmed : 963(896) , 67Positive : 415(359), 56Under observation : 104336(99278),5058Home isolation : 103528(98486),5042Hospitalized with symptoms : 808(792), 16New hospitalized cases today : 186(152) , 34 https://t.co/eTTPD2RSXh",,,
10,"#covidindia Alappuzha 26-05-202022 active cases !!Confirmed : 28(25) , 3Positive : 22Under observation : 5046(4681), 365Home isolation : 5009(4648), 361Hospitalized with symptoms : 37(33), 4New hospitalized cases today : 8(7), 1 https://t.co/beaFXZ8rwZ",,,
11,RT @MNMSrivi:.#LocustSwarmsAttack,,,"Bengaluru, India"
12,RT @MNMSrivi:.#LocustSwarmsAttack,,," Tamil Nadu, India"
13,RT @RajapalayamMNM:.#LocustSwarmsAttack,,," Tamil Nadu, India"
14,RT @MNMSrivi:.#LocustSwarmsAttack,,,
15,RT @RajapalayamMNM:.#LocustSwarmsAttack,,,
16,.#LocustSwarmsAttack.#Locusts #LocustAttack #LocustInvasion #locustswarm #COVID19india #covidindia https://t.co/fJgRYdPBaA,,,
17,"RT @MbmcNetizen: COVID19 report for 26th May 2020 - Mira Bhayander
Total Cumulative: 541
Total new positive : 8#MBMC #mirabhayander
#mira",,,
18,.#LocustSwarmsAttack.#Locusts #LocustAttack #LocustInvasion #locustswarm #COVID19india #covidindia https://t.co/0sZjwrqtw8,,,
19,"RT @MbmcNetizen: COVID19 report for 26th May 2020 - Mira Bhayander
Total Cumulative: 541
Total new positive : 8#MBMC #mirabhayander
#mira",,,"Mumbai,india"
20,"RT @moneycontrolcom: Despite its importance in #COVID19 times, @SetuAarogya has found itself in the news for privacy concerns, and so the g",,,"New Delhi, India"
21,RT @moneycontrolcom: A damaging impact on an #economy as large as #Indias caused due to a total #lockdown was imminent. Unemployment went,,,
22,"Unmindful of the #socialdistancing norms, more than 1,000 migrants boarded buses, which would take them to railway stations#CoronavirusIndia #COVIDIndiahttps://t.co/lM5Fq0j9sV",,,Mumbai
23,"RT @moneycontrolcom: #Delhi govts decision to reserve 20% beds in private hospitals for #COVID19 patients has raised several concerns, her",,,Islamic Republic of Iran
24,"#Delhi govts decision to reserve 20% beds in private hospitals for #COVID19 patients has raised several concerns, here's why#Coronavirus #COVIDIndiahttps://t.co/8xNR25JmRj",,,Mumbai
25,"COVID19 report for 26th May 2020 - Mira Bhayander
Total Cumulative: 541
Total new positive : 8#MBMC #mirabhayander
#miraroad #Coronaindia #coronamaharashtra #covidindia #Maharashtra #IndiaFightsCorona https://t.co/2NieEsS93s",,,Mira road Bhayander
26,+5K @ 1.5L India crosses 1.5 lakh cases #covidindia,,,"Kerala,India"
27,#ShutdownChina #NOW ! #G7 #G20SaudiArabia #UNSC #WHO #UNGA #COVID19 #CovidUSA #Covidcanaada #CovidBritain #Coviditaly #CovidIndia #Covidfrance #Covidgermany #Covidworldwide #CovidAustralia #CNN #CBC #FOX #CTV #cdnpoli #Justintrudeau #Borisjohnson #Toronto #Vanpoli #alpolitics https://t.co/6u79XLtLAj,,,"Vancouver, British Columbia"
28,@ArvindKejriwal @CMODelhi @MoHFW_INDIA Citizens not adhering to wearing masks in #asiadgamesvillage and walking/running inside colony w/onmasks. #RWA not checking. No one being fined. Heath of others being compromise.#covid19 #covidindia #COVID__19 #CoronavirusLockdown,,,
29,RT @moneycontrolcom: A damaging impact on an #economy as large as #Indias caused due to a total #lockdown was imminent. Unemployment went,,,"New Delhi, India"
30,#MigrantLabourers #covidindia #ShramikSpecialTrainINR 940 per ticket from a migrant labourer who hasnt heard a single paisa in the past two months. How is this even fair?https://t.co/EJLLVLR1OW,,,"Vancouver, Canada"
31,"RT @moneycontrolcom: Pained by the plight of #migrantworkers walking home amid the #Coronavirus lockdown, actor #SonuSood arranged for buse",,,asktoauditor@gmail.com
32,"RT @moneycontrolcom: Pained by the plight of #migrantworkers walking home amid the #Coronavirus lockdown, actor #SonuSood arranged for buse",,,‡≤≠‡≤æ‡≤∞‡≤§ 
33,"Pained by the plight of #migrantworkers walking home amid the #Coronavirus lockdown, actor #SonuSood arranged for buses to take them to their native states.#COVIDImpact #COVIDIndiahttps://t.co/Dkbh7ZjvpY",,,Mumbai
34,"Despite its importance in #COVID19 times, @SetuAarogya has found itself in the news for privacy concerns, and so the govt has now taken a major step.#Coronavirus #COVIDIndiahttps://t.co/orzSFBtyNA",,,Mumbai
35,"@ICMRDELHI, that expanded #HCQ as prophylactic to all frontline #COVID19 workers may not budge despite criticism from several quarters, @viswanath_pilla explains why.#Coronavirus #COVIDIndiahttps://t.co/9wnYpOuVQX",,,Mumbai
36,RT @moneycontrolcom: What is herd immunity? Will it work against #Covid19? Here's all you need to know#Coronavirus #COVIDIndiahttps:/,,, India
37,What is herd immunity? Will it work against #Covid19? Here's all you need to know#Coronavirus #COVIDIndiahttps://t.co/peyZUKRPuN,,,Mumbai
38,RT @moneycontrolcom: A damaging impact on an #economy as large as #Indias caused due to a total #lockdown was imminent. Unemployment went,,,"Gurugram, Haryana"
39,RT @moneycontrolcom: A damaging impact on an #economy as large as #Indias caused due to a total #lockdown was imminent. Unemployment went,,,
40,A damaging impact on an #economy as large as #Indias caused due to a total #lockdown was imminent. Unemployment went up to 26% in April due to a decrease in #demand and disruption of #workforce.#Coronavirus #COVIDIndiaFor more details: https://t.co/a8C2odzVB8 https://t.co/1BzmlTr7U3,,,Mumbai
41,RT @Nandhuupriya: #Corona #covidindia impact in Indiahttps://t.co/2syPtC0c2U,,,India
42,"#CovidDeathRate, #Covidindia0.3https://t.co/TH80Eo5373",,,Kozhikode
43,RT @TheVKTOne: #Covid19 #IndiaFightsCorona #CoronaVirus #Covid_19 #Covid_19india #covidindia #CoronavirusPandemic https://t.co/nWQgVVQOB7,,,"‡§Æ‡•Å‡§Ç‡§¨‡§à, ‡§≠‡§æ‡§∞‡§§"
44,RT @TheVKTOne: #Covid19 #IndiaFightsCorona #CoronaVirus #Covid_19 #Covid_19india #covidindia #CoronavirusPandemic https://t.co/nWQgVVQOB7,,,"Mumbai, India"
45,RT @TheVKTOne: #Covid19 #IndiaFightsCorona #CoronaVirus #Covid_19 #Covid_19india #covidindia #CoronavirusPandemic https://t.co/nWQgVVQOB7,,,
46,RT @TheVKTOne: #Covid19 #IndiaFightsCorona #CoronaVirus #Covid_19 #Covid_19india #covidindia #CoronavirusPandemic https://t.co/nWQgVVQOB7,,,Mumbai
47,RT @TheVKTOne: #Covid19 #IndiaFightsCorona #CoronaVirus #Covid_19 #Covid_19india #covidindia #CoronavirusPandemic https://t.co/nWQgVVQOB7,,,MUMBAI
48,"RT @moneycontrolcom: .@TCS' work-from-home (WFH) model has set new standards indeed for the IT sector, but many are not convinced. Here's w",,,
49,", ,,.31..#CovidIndia #Updates https://t.co/SYkJMPUjXw",,,"Kerala, India"
50,"This has to be the story of the month for #Covid_19india situation in the country.
EVERY 3RD PERSON TESTED IS COMING POSITIVE IN AHMEDABAD &amp; GUJARAT GOVERNMENT IS STILL REDUCING THE TEST NUMBERS. https://t.co/kew25Gng1n",,,between himalaya & arabian sea
51,"RT @Mundra08: Mumbai's #Covid_19india Hospital Bed capacity &amp; Occupancy
1 DCH+ DCHC + Active CCC2 : 13,02382% Occupied ()2 Oxygen",,,"Mumbai, India"
52,"May 26, 10:12 PM IST227 new cases, 164 recoveries and 8 deaths in Uttar Pradesh
60 new cases, 111 recoveries and 2 deaths in RajasthanTotal cases: (5789) 150739Recovered: (3566)64272Deaths: (170)4344

#Covid_19india #IndiaFightsCorona",,,Kolkata
53,"#takecare
#Covid_19india@LambaAlka @RahulGandhi @OfficeofUT @Tejasvi_Surya @priyankagandhi @priyankac19 @sambitswaraj @ArvindKejriwal @VasundharaBJP @ashokgehlot51 @ChouhanShivraj @stoneshapers @JM_Scindia @SachinPilot @asadowaisi @akshaykumar @SonuSood @ReallySwara @republic https://t.co/4Rgtu6OctX",,,"Menchhoffen, France,India "
54,"Credit when it's due. Appreciate the effort by everyone involved in developing this useful app. Now people need to leave their apprehensions and start using this app to make it more effective.
#AarogyaSetuApp
#Covid_19india
https://t.co/1UcPWGBIpk",,,India
55,RT @RanjanS47222223: @ratneshk51 @RailMinIndia @PiyushGoyal @GMSERAILWAY @SPSinghGS_AIGC @DRMCKP @IRTSassociation @eURdckSXsQxJr6C @SanjitS,,,"Bhopal, India"
56,"RT @Mbatious11: Finally a day with some downward trend in number of cases, though nothing substantial but some hope that very soon we will",,,"Bengaluru, India"
57,"There are 140 million job cardholders &amp; in order to allocate 100 days of work to all workers, experts suggest the budget would have to be to the tune of Rs 2.8 lakh crore.#migrants #MigrantCrisis #Covid_19india",,,"New Delhi, India"
58,RT @dineshkumarfca: #YesBank_AT1_RetailInvestor@yesbank @RBI @PMOIndia @narendramodi @nsitharaman @rashtrapatibhvn @ombirlakota @MVenkaia,,,Delhi
59,"RT @2Suhana25::
-#Covid_19india!
-,",,,"Basti,Uttar Pradesh, India,"
60,RT @ashutosh83B:?# #_ #coronavirus #Covid_19india #Covid_19 #Loc,,,"‡§Æ‡•Å‡§Ç‡§¨‡§à, ‡§≠‡§æ‡§∞‡§§"
61,"@PTI_News @ColdCigar What was Aarogya Setu doing?
#AarogyaSetu #Covid_19india",,,
62,"RT @DevprakashIRS: #____
#Corona,",,,"Kalinjara, India"
63,@sumanthraman 82112 #Covid_19india,,,
64,"#Delhi Ad that portrayed Sikkim as a separate nation for enrollment which sought volunteers for the #UT's Civil Defence Corps during the #Covid_19india #Pandemic was a blunder. Govt websites didn't update Civil Defence Act,1968 which got modified in 1975 is a cause. #Odisha too https://t.co/mRaNNfPQXc",,,India 
65,"RT @drharshvardhan: There is no reason to panic, I said, as mortality rate due to #Covid19 remains low in India whereas the recovery rate i",,,Cutback /orissa
66,RT @nimankatira_del: @dipankar_18 @narendramodi @PMOIndia @nsitharaman @MoHUA_India @FinMinIndia @myogiadityanath @AmitShah Many put life s,,,
67,RT @ashutosh83B:?# # #_ #lockdownindi,,,"Palanpur, India"
68,RT @ashutosh83B:?# #_ #coronavirus #Covid_19india #Covid_19 #Loc,,,"Jaunpur, Uttar Pradesh"
69,"AHMEDABAD:
ONLY 742 TESTS DONE.
251 NEW CASES IN THE CITY.
TEST POSITIVITY RATE IS 33.8%.
THIS RATE IS 3 TIMES MORE THAN DELHI &amp; TWICE MORE THAN MUMBAI.
#Covid_19india",,,between himalaya & arabian sea
70,"RT @AcharyaSabha:-,#",,,Hindustan
71,"RT @sanjg2k1: Streamlined system at Gaya Station this evening to receive the passengers deboarding there. Well done, @Official_Dist in cont",,,"Hyderabad, India"
72,"UPDATE :- India has now more than 150K cases of #Covid_19.
The way we are going, we will surpass Turkey in couple of days and become number 9 country of most patient of #Covid_19 across the world.#Covid_19india
#coronavirusindia https://t.co/CsYCSyljrm",,,India
73,"RT @AcharyaSabha:-,#",,,üáÆüá≥ ‡§π‡§ø‡§®‡•ç‡§¶‡•Å‡§∏‡•ç‡§§‡§æ‡§® üáÆüá≥
74,#Covid_19 #keepdistance #webclassicsolutions #SocialDistance #StayAtHome #Covid_19india #staysafe #mask #request #workfromhome #tender #outsourcing #softwaredevelopment #appdevelopment https://t.co/mHm9CRjSQR,,,India
75,RT @HealthT88010675: Make Ur Own Sanitizer in ONE MiNUTE - https://t.co/gW56rJEFZj#taketrumpofftwitter #AmyCooperIsARacist #ICantBreathe,,,Norwich
76,RT @subhan7585: Plz take immediate action @narendramodi @PMOIndia @nsitharaman @FinMinIndia @RBI @DasShaktikantaI@NhbIndia @RahulGandhi,,,"Kentucky, USA"
77,"RT @thepostonlive: Why India's unplanned Lockdown was a Total Failure ?
#lockdownindia #Covid_19india#Lockdownextention https://t.co/vH80",,,
78,RT @ashutosh83B:?# # #_ #lockdownindi,,,
79,"Massive, decline in test Numbers in Ahmedabad. LEAST number of test today since the start of May.
#Covid_19india",,,between himalaya & arabian sea
80,#Covid_19india https://t.co/ZyhsIFt2IF,,,"Indore, India"
81,RT @KumarVidhyasag1: I pray for his speedy recovery. Glad to see a very quick response from @CovidIndiaSeva . Bhaiya take care of Ur health,,,"New Delhi, India"
82,#Covid_19india https://t.co/JCL4BOELc7,,,Tiruppur
83,"RT @drharshvardhan: There is no reason to panic, I said, as mortality rate due to #Covid19 remains low in India whereas the recovery rate i",,,Prayagraj
84,"RT @SFLCin: @SetuAarogya's android version is open source now!
@SFLCin welcomes this development. We are happy that the Government has at l",,,"Mumbai, India"
85,RT @GitanjaliBJP1: LockdownSAKHI Helpline launch,,,ludhiana
86,"RT @CovidIndiaSeva: .@adishjain05 Ji, Kindly DM us your contact details so we can resolve this matter right away.@MoHFW_INDIA @drharshvar",,,"New Delhi, India"
87,"RT @CovidIndiaSeva: .@arunpathak88 Ji, kindly DM us patient contact details so we can resolve this matter right away.@MoHFW_INDIA @drhars",,,"New Delhi, India"
88,"RT @CovidIndiaSeva: .@anunaygupta9 Ji, kindly DM us patients contact details so we can resolve this matter right away.@MoHFW_INDIA @drhar",,,"New Delhi, India"
89,"RT @thepostonlive: Why India's unplanned Lockdown was a Total Failure ?
#lockdownindia #Covid_19india#Lockdownextention https://t.co/vH80",,,
90,"RT @sanjg2k1: Streamlined system at Gaya Station this evening to receive the passengers deboarding there. Well done, @Official_Dist in cont",,,India
91,"Finally a day with some downward trend in number of cases, though nothing substantial but some hope that very soon we will reach saturation point and start seeing downward trend, less than 6k cases as of now. #Covid_19india",,,India
92,"@sardesairajdeep @IndiaToday @mybmc Media you play an important role by promoting #Social_Distancing, unbiased reporting on gaps irrespective of the state &amp; party in power, educate people 2 #StayHome not use #journalism as a tool to take political advantage.
#NDTV #Covid_19india #AajKiBaat #Mojo #IndiaTodayMagazine",,,
93,RT @mohammednadeem9: 71 New #COVID19 Positive Cases Registered in #Telangana today till 9.00 PM.#Telangana #Covid_19india #COVID19 #hyder,,,Hyderabad
94,"This Years Oscar for Best Actor in Negative role goes to ........
#Covid_19india #Covid_19 https://t.co/z4nKVtjl2P",,,India
95,"RT @SFLCin: @SetuAarogya's android version is open source now!
@SFLCin welcomes this development. We are happy that the Government has at l",,,Mumbai
96,"RT @sanjayezhava: We are grateful to all Authorities, who made this efforts success.@collectorsurat @CollectorRjt @CMOKerala @CMOGuj @vij",,,India
97,"RT @imvishwajeet30:,please#Please #Covid_19india",,,"Bihar, India"
98,RT @ashutosh83B:?# #_ #coronavirus #Covid_19india #Covid_19 #Loc,,,
99,"RT @drharshvardhan: There is no reason to panic, I said, as mortality rate due to #Covid19 remains low in India whereas the recovery rate i",,,Morena
100,RT @IamAnilINC: Breaking: IndiGo grounds Chennai-Coimbatore flight crew after passenger tests positive for coronavirusIs it safe to trave,,,"Mumbai, India"
101,RT @IamAnilINC: Breaking: IndiGo grounds Chennai-Coimbatore flight crew after passenger tests positive for coronavirusIs it safe to trave,,,Bangalore
102,RT @ravivojas:7... #COVID19India https,,,"Mangalore, India"
103,RT @GitanjaliBJP1: Kindly join me to thank our PM @narendramodi @drharshvardhan @MoHFW_INDIA for outstanding endeavours to curb Corona. Let,,,ludhiana
104,RT @IamAnilINC: Breaking: IndiGo grounds Chennai-Coimbatore flight crew after passenger tests positive for coronavirusIs it safe to trave,,,"Mumbai, India"
105,RT @ShamikaRavi: #DailyUpdate #Covid19IndiaTotal cases continue to rise; growth rate of ACTIVE cases = 4.6% - so doubling in 15 days. htt,,,
106,"RT @ADubhele: @yash105 @Mayures36214474
#tuesdayvibes #TuesdayThoughts #ServingHumanitySelflessly #Maharashtra @Bhagyas45943155 #StaySafeSt",,,
107,"RT @GitanjaliBJP1: Hon'ble PM @narendramodi ji, please keep serving the nation aslong as you can. India needs you. You are the best prime",,,ludhiana
108,RT @shriramyadav88: @Mynation_BH @UNFPAIndia @NCWIndia @nanditadas @unesconewdelhi @UNICEFIndia @unwomenindia @UNFPA @UNFPAasia What does i,,,"Shimoga, India"
109,"A Blind folded Confused &amp; ""Lost Track"" man who is still NOT SURE and CONFIRMED about #COVID19India erupted from CHINA or ?? but shamelessly mislead via speculation..Seems trying to compete with his global famed confused leader @RahulGandhi in spreading confusions. https://t.co/EimaZQ229W",,,World explorer
110,Breaking: IndiGo grounds Chennai-Coimbatore flight crew after passenger tests positive for coronavirusIs it safe to travel @PiyushGoyal#COVID19India,,,"Bengaluru, India"
111,RT @i_mrinalini:#?,,,
112,It may sound simple but saying thank you can go a long way to show support for our #WBSEDCLTechnical Workers who are working in stressful rather life-threatening situations every day be it #COVID19India or #AmphanSuperCyclone. Hats off you guys... https://t.co/H7aDNNEeLt,,,India
113,#?#___#COVID19India #MahaMess #_ #Uddhav_Failed_Maharashtra https://t.co/yr1k1XcOxt,,,Mumbai
114,",,,,#COVID19India.",,,"chhotisadri Rajasthan, India"
115,"RT @FearlessDPSingh: , ...#,, ,",,,"NEW DELHI, INDIA"
116,RT @thesudhirgarg: IIT Kanpur also knows the impact of #COVID19India and @DrRPNishank wants to open #Schools@WHO @drharshvardhan are you,,,
117,RT @tiwarishweta957: @HeenaLimbachia That's what need to be understand by the higher authorities of Mumbai University and start taking quic,,,
118,RT @shriramyadav88: @Mynation_BH @UNFPAIndia @NCWIndia @nanditadas @unesconewdelhi @UNICEFIndia @unwomenindia @UNFPA @UNFPAasia What does i,,,
119,#Covid19India #sucks https://t.co/YffVv5R2Ni,,,
120,RT @RajapalayamMNM:.#LocustSwarmsAttack,,,Ramanathapuram 
121,"RT @prafullaketkar: Migrant workers or the Mumbai Edition of Markaz
The mismanagement of the #COVID19India by the #Maharashtra govt under #",,,
122,"RT @nagma_morarji: #Delhi; Sanitizer Blast in heat at Rohini flyover Delhi. Please, Never keep a Full bottle of Sanitizer in the car. Carry",,,"Hyderabad, Andhra Pradesh"
123,RT @Sumit__misra: #coronavirusinindia#COVID19#COVID19India#Covid_19india*050(96 )501  (10 ),,,Bhopal & Satna / Rewa /Madhya 
124,"RT @nagma_morarji: #Delhi; Sanitizer Blast in heat at Rohini flyover Delhi. Please, Never keep a Full bottle of Sanitizer in the car. Carry",,,
125,"RT @ShamikaRavi: #DailyUpdate #COVID19IndiaTotal confirmed cases continue to rise, the growth rate of ACTIVE cases = 4.9% - so doubling i",,,Bangalore
126,"AIIMS sanitation Chief Heera Lal died of #COVID19He never missed a day of duty
Senior doctors at AIIMS remember him for his smiling face and enthusiastic spirit
Rest im Peace sir
#RIP #HEERALAL
#COVID19India https://t.co/6b8v7W03yb",,,"Bihar, India"
127,@HeenaLimbachia That's what need to be understand by the higher authorities of Mumbai University and start taking quick decision on serious issues. #needfinalconfirmation as soon as possible#COVID19India #cancelfinalyearexam #PromoteStudentsSaveFuture,,,
128,@Bhuvan_Bam you are a great human being and this video hit 10 m likes #Like #bhuvanbam #COVID19India #Lockdown4#bhuvan https://t.co/N49DairR4J,,,"‡§¨‡§ø‡§ú‡§®‡•å‡§∞, ‡§≠‡§æ‡§∞‡§§"
129,RT @manickamtagore: @naren8787 @CMOTamilNadu @OfficeOfOPS Helping them is a good thing Dear CM but you should ask those who denied them #CO,,,
130,"The govt has really lost it. Uncoordinated, chaotic and disregarding of all safety protocols. This is ominous for the country as lockdown ends. #COVID19India https://t.co/YEXqHlfOHu",,,Shanghai
131,RT @PIBFactCheck: Claim-A video of a woman with an infant travelling between train bogies iscirculating in social media stating these are,,,"Jaipur, India"
132,#COVID19India@ChouhanShivraj,,,Chhindwara
133,"RT @abantika77: Our fatality rate is among the lowers in the world, reduced from 3.3% to 2.8%. Cases reported in the world 69.9 lakh per la",,,"newdelhi, india"
134,#CovidAlert | 27 new positive cases of Covid-19 reported from Golaghat District.Total cases in the State stands at 643.#AssamCovidCount #COVID19India,,,"Guwahati, India"
135,"RT @nagma_morarji: #Delhi; Sanitizer Blast in heat at Rohini flyover Delhi. Please, Never keep a Full bottle of Sanitizer in the car. Carry",,,
136,"RT @1stIndiaNews: #Tonk:2, 136",,,"Tonk, India"
137,"RT @nagma_morarji: #Delhi; Sanitizer Blast in heat at Rohini flyover Delhi. Please, Never keep a Full bottle of Sanitizer in the car. Carry",,,"Vishakhapatnam, India"
138,"412 new covid-19 cases in Delhi in the past 24 hours. 12 more deaths added and taking the total covid-19 death toll to 288 as per government data. 183 recoveries in the past 24 hours.
#COVID19India",,,New Delhi
139,"RT @nagma_morarji: #Delhi; Sanitizer Blast in heat at Rohini flyover Delhi. Please, Never keep a Full bottle of Sanitizer in the car. Carry",,,Assam
140,"1000+ Cases - lockdow
1.5 lakh+ Cases - kholo sab
#COVID19India #Lockdown4 #Covid_19",,,"Kota, India"
141,"RT @nagma_morarji: #Delhi; Sanitizer Blast in heat at Rohini flyover Delhi. Please, Never keep a Full bottle of Sanitizer in the car. Carry",,,"Hyderabad, India"
142,RT @deepakamit005: #BoycottChinaProduct I Now It time to boycott China Product in India. Every Indian should come United to show the power,,,India
143,RT @shriramyadav88: @Mynation_BH @UNFPAIndia @NCWIndia @nanditadas @unesconewdelhi @UNICEFIndia @unwomenindia @UNFPA @UNFPAasia What does i,,,"Bengaluru, India"
144,@PiyushGoyal2!suffer#COVID19India @RailMinIndia https://t.co/LLiLuv19Hd,,,"Patna, India"
145,#COVID19India #CCPVirus https://t.co/cSlDf6WacW,,,South of Heaven
146,"RT @nagma_morarji: #Delhi; Sanitizer Blast in heat at Rohini flyover Delhi. Please, Never keep a Full bottle of Sanitizer in the car. Carry",,,Bezwada
147,@shukla_tarun @ndtv Disaster .... #domesticflights will stop in a couple days .. #socialdistancing #COVID19India,,,Dubai/Mumbai
148,"Discussion paper on greening post COVID-19 economic recovery in India @GoShantanu @teriin @Bh_Chandra#COVID19India
#GreenRecovery
#COVID19
#GreenGrowth#GreenEconomy
#InclusiveGreenEconomyhttps://t.co/qt7JKZNEKe https://t.co/WqXqY6TC3R",,,"New Delhi, India"
149,RT @thesudhirgarg: IIT Kanpur also knows the impact of #COVID19India and @DrRPNishank wants to open #Schools@WHO @drharshvardhan are you,,,
150,"RT @chennaicorp: Support one another to fight the spread of COVID-19.#Covid19Chennai
#GCC #Chennai
#ChennaiCorporation https://t.co/0sdi",,,"Chennai, Tamil Nadu"
151,"RT @chennaicorp: We took care of our guests!#GCC took care of everyone, gave food, shelter &amp; their physical and mental health were taken",,,
152,RT @chennaicorp: #Update510 Covid-19 Positive cases in Chennai today.#Covid19Chennai#GCC #Chennai#ChennaiCorporation https://t.co/,,,
153,"RT @Star1eleven1: #COVID19chennaiStay Home, Stay Safe!",,,
154,"RT @chennaicorp: #Update
No new case reported in these containment zones in the past 14 days. Hence, these places will be declared non cont",,,
155,"RT @chennaicorp: #Update
No new case reported in these containment zones in the past 14 days. Hence, these places will be declared non cont",,,CHENNAI
156,510 Covid-19 Positive cases in Chennai today.#Covid19Chennaihttps://t.co/ArX4G09yWP,,,"Chennai, India"
157,"RT @chennaicorp: Mr. P. Akash IAS., Regional Deputy Commissioner (North) and Monitoring Officer conducted, containment area inspection at A",,,
158,Oh my god 1002 corona cases in MUMBAI today and 510 in Chennai#CoronaUpdates #coronavirustamilnadu #Covid19Chennai #MaharashtraFightsCorona,,,
159,RT @chennaicorp: #Update510 Covid-19 Positive cases in Chennai today.#Covid19Chennai#GCC #Chennai#ChennaiCorporation https://t.co/,,,"Chennai, India"
160,"RT @chennaicorp: Mr. P. Akash IAS., Regional Deputy Commissioner (North) and Monitoring Officer conducted, containment area inspection at A",,,CHENNAI
161,"RT @chennaicorp: Mr. P. Akash IAS., Regional Deputy Commissioner (North) and Monitoring Officer conducted, containment area inspection at A",,,Pune/Mumbai/Chennai
162,"Mr. P. Akash IAS., Regional Deputy Commissioner (North) and Monitoring Officer conducted, containment area inspection at Aavin Illam and the Aavin Factory Dairy.#Covid19Chennai
#GCC #ChennaiCorporation https://t.co/SyRVKy2ott",,,"Chennai, Tamilnadu"
163,"RT @chennaicorp:() .. ., ,,",,,"Chennai, India"
164,"RT @chennaicorp: Support one another to fight the spread of COVID-19.#Covid19Chennai
#GCC #Chennai
#ChennaiCorporation https://t.co/0sdi",,,"Chennai, India"
165,"RT @chennaicorp:() .. ., ,,",,,CHENNAI
166,"RT @chennaicorp:,.#Covid19Chennai
#GCC #Chennai
#ChennaiCorporation h",,,"Chennai, India"
167,#Covid19Chennaizone wise break up please,,,
168,RT @chennaicorp: #Update510 Covid-19 Positive cases in Chennai today.#Covid19Chennai#GCC #Chennai#ChennaiCorporation https://t.co/,,,"Chennai, India"
169,"() .. ., ,,.#Covid19Chennai
#GCC #ChennaiCorporation https://t.co/Ddm5YFTx5I",,,"Chennai, Tamilnadu"
170,"RT @chennaicorp: We took care of our guests!#GCC took care of everyone, gave food, shelter &amp; their physical and mental health were taken",,,"Chennai, India"
171,My opp house a new bungalow with almost five couple plus kids #JointFamily marked #Covid19ChennaiContaminated Area by @ChennaiCorp,,,"Mylapore Tiruvallike, India"
172,A Passenger who traveled in Chennai Coimbatore flight on May 25 tests positive for Covid19. Over 100 passengers were onboard #Covid19Chennai #Covid_19india,,,Consciousness City
173,"RT @chennaicorp: Support one another to fight the spread of COVID-19.#Covid19Chennai
#GCC #Chennai
#ChennaiCorporation https://t.co/0sdi",,,"Srivilliputhur, India"
174,"RT @chennaicorp: We took care of our guests!#GCC took care of everyone, gave food, shelter &amp; their physical and mental health were taken",,,CHENNAI
175,"RT @chennaicorp: Support one another to fight the spread of COVID-19.#Covid19Chennai
#GCC #Chennai
#ChennaiCorporation https://t.co/0sdi",,,"Mylapore, Chennai, India"
176,"We took care of our guests!#GCC took care of everyone, gave food, shelter &amp; their physical and mental health were taken care of, in our community centres.@CMOTamilNadu @SPVelumanicbe
@RAKRI1 @albyjohnV
@jmeghanathreddyhttps://t.co/rCG6ygeV5a#Covid19Chennai #Chennai",,,"Chennai, Tamilnadu"
177,"RT @chennaicorp: Support one another to fight the spread of COVID-19.#Covid19Chennai
#GCC #Chennai
#ChennaiCorporation https://t.co/0sdi",,,
178,"RT @chennaicorp: Support one another to fight the spread of COVID-19.#Covid19Chennai
#GCC #Chennai
#ChennaiCorporation https://t.co/0sdi",,,CHENNAI
179,"Support one another to fight the spread of COVID-19.#Covid19Chennai
#GCC #Chennai
#ChennaiCorporation https://t.co/0sdiTi1IUV",,,"Chennai, Tamilnadu"
180,"RT @endrum_tamizh: Wow this is more economical and safer mask..Some ideas for.startups out there..#covid19
#Covid19Chennai http",,,"Tamil Nadu, India"
181,"Wow this is more economical and safer mask..Some ideas for.startups out there..#covid19
#Covid19Chennai https://t.co/0dMmNE3sGW",,,"Chennai,India"
182,"RT @chennaicorp:,.#Covid19Chennai
#GCC #Chennai
#ChennaiCorporation h",,,"Chennai, India"
183,RT @chennaicorp: #UPDATE510.#Covid19Chennai#GCC #Chennai#ChennaiCorporation https://t.co,,,"Chennai, India"
184,RT @chennaicorp:#Covid19Chennai,,,Chennai
185,"RT @chennaicorp:.#Covid19Chennai#GCC #Chennai
#Chennai",,,Chennai
186,"RT @chennaicorp:.#Covid19Chennai
#GCC #Chennai
#ChennaiCorporation https",,,Chennai
187,RT @chennaicorp: #UPDATE510.#Covid19Chennai#GCC #Chennai#ChennaiCorporation https://t.co,,,Chennai
188,"RT @chennaicorp: #Update
No new case reported in these containment zones in the past 14 days. Hence, these places will be declared non cont",,,"Mancherial, Telangana"
189,RT @chennaicorp: #Update510 Covid-19 Positive cases in Chennai today.#Covid19Chennai#GCC #Chennai#ChennaiCorporation https://t.co/,,,"Mancherial, Telangana"
190,RT @chennaicorp: #Update510 Covid-19 Positive cases in Chennai today.#Covid19Chennai#GCC #Chennai#ChennaiCorporation https://t.co/,,,India
191,RT @chennaicorp: #UPDATE510.#Covid19Chennai#GCC #Chennai#ChennaiCorporation https://t.co,,,India
192,"RT @chennaicorp:,.#Covid19Chennai
#GCC #Chennai
#ChennaiCorporation h",,,CHENNAI
193," ,.#Covid19Chennai
#GCC #Chennai
#ChennaiCorporation https://t.co/EKFdxxpUVu",,,"Chennai, Tamilnadu"
194,RT @chennaicorp: #UPDATE510.#Covid19Chennai#GCC #Chennai#ChennaiCorporation https://t.co,,,"Srivilliputhur, India"
195,"RT @Sudhani: #COVID19IndiaUpdateGrowth RatesTotal Cases - 5.32% (Doubling every 13 days)
Active - 4.62% (Doubling every 15 days)
Deaths -",,,"Hyderabad, India"
196,RT @DGandavadi: @chennaicorp This is my sisters digital art! She wants to dedicate this to our frontline workers to show that we are deter,,,
197,RT @chennaicorp: #Update510 Covid-19 Positive cases in Chennai today.#Covid19Chennai#GCC #Chennai#ChennaiCorporation https://t.co/,,,"Chennai, India"
198,"#COVID19IndiaUpdateGrowth RatesTotal Cases - 5.32% (Doubling every 13 days)
Active - 4.62% (Doubling every 15 days)
Deaths - 4.02% (Doubling every 17 days)#IndiaFightsCOVID19#IndiaFightCorona #COVID19Pandemic #Covid19Chennai@ShekharGupta https://t.co/m4CC1dvbOZ",,,
199,RT @chennaicorp: #UPDATE510.#Covid19Chennai#GCC #Chennai#ChennaiCorporation https://t.co,,,Chennai
200,RT @ZayeemZiyadh: Finally #SriLanka Opposition Leader @sajithpremadasa and #US President @realDonaldTrump won...#WHO accepted the #Hyd,,,Sri Lanka
201,"RT @IAMCouncil: The mans son, who lives in Nagpur, refused to accept the body and perform the funeral. So, a local Muslim group performe",,,
202,"RT @manukumarjain: #Covid19 cases in India!While all of us track and discuss total number of cases, we should also celebrate the number o",,,Delhi
203,RT @IsraelinIndia: Meet the youngest participant in #WorldHackathonDay: from #India and only 10 years old!Join @TheWorldHack this weeken,,,Meerut up
204,"RT @IAMCouncil: The mans son, who lives in Nagpur, refused to accept the body and perform the funeral. So, a local Muslim group performe",,,India
205,# #COVID19 #savefarmers #LocustInvasion #LocustAttack #India #locustswarms #Jaipur #UttarPradesh #MadhyaPradesh https://t.co/1woPmtia8w,,,"Chennai, India"
206,"RT @NewsMobileIndia: #COVID19 in numbers!Over 60,491 people cured in #India and 2,257,533 plus cured cases across the world- keep up with",,,"New Delhi, India"
207,"Follow @JournalBulwark for more updates
#wallpostindia #medicine #hydroxychloroquine #health #COVID19 #india #like #followme #instagram #instadaily #photography #indian #dubai #indonesia #america #news #bollywood https://t.co/x1XvRRU31E",,,India
208,"Worldwide, the virus has infected nearly 5.5 million people, killing over 346,000, according to a tally by Johns Hopkins University.#COVID19 #CoronaVirusUpdates
#Europe #Russia #India #China #Africa #WHO
https://t.co/Mpv9hB0Arf",,,Qatar
209,"RT @fmarmole: In #India, the reverse migration to villages due to the crisis or #COVID19, has set economy back by 15 yr., says Prof. @SMehr",,,"New Delhi, India"
210,RT @ZeeNews:#China#COVID19,,,Akhand Bharat
211,"RT @Rpanwar7284: What the hell is going on 2020!.
#uttarakhand #Wildfire #rajasthan #grasshopper #attack #India #TopicalSpot #COVID19 #2",,,"Himalayas, India"
212,"RT @the_nachiket: According to estimates, 1,200-1,500 Peoples Liberation Army soldiers are in a standoff with their #Indian counterparts i",,,Your soul
213,"What the hell is going on 2020!.
#uttarakhand #Wildfire #rajasthan #grasshopper #attack #India #TopicalSpot #COVID19 #2020 https://t.co/Mwtjdit7Z0",,,"Indora, India"
214,RT @sunnewstamil:Update !#SunNews #Corona #CoronaVirus #Covid19 #IndiafightsCorona #Pandemic #Outbreak #stayhome #stayhomestaysaf,,,Nagercoil
215,"RT @airnewsalerts: #India, #Israel will be working together to develop rapid testing module for #Coronavirus. High level meeting for scient",,,"Gurgaon, India"
216,"According to estimates, 1,200-1,500 Peoples Liberation Army soldiers are in a standoff with their #Indian counterparts in #PangongTso lake area and #GalwanValley along the Line of Actual Control in #Ladakh. #China
#India #COVID19 #TheWeek @TheWeekLive https://t.co/dhscxtAX2h",,,"Mumbai, India"
217,RT @ZeeNews:#China#COVID19,,,"New Delhi, India"
218,RT @sri50: Every state in #India is blaming other state returnees for spike in #covid19 cases in their state !The trouble is that you can,,,Chennai
219,"RT @KAMIcomphnews: CRISIS WITHIN A CRISISAmid #COVID19 lockdown, parts of India now battle locust attacks.
#IndiaPhilippine Weather Sy",,,"The Capital, Kuwait"
220,"RT @IAMCouncil: The mans son, who lives in Nagpur, refused to accept the body and perform the funeral. So, a local Muslim group performe",,,Heart And Mind
221,"Education is the key that unlocks the golden door to freedom.
George Washington CarverDonate today https://t.co/nTdJXEdvZP for helping a child achieve his freedom!#donations #covid19 #fundraising #volunteer #ngo #education #children #helpingothers #india #hope #volunteers https://t.co/pM8LohZ26o",,,Ahmedabad
222,RT @IsraelinIndia: Meet the youngest participant in #WorldHackathonDay: from #India and only 10 years old!Join @TheWorldHack this weeken,,,"Riyadh, Kingdom of Saudi Arabi"
223,"""We have only one weapon against the virus, which is social distancing. Because social distancing was not happening voluntarily, [India] went into lockdown. After lockdown, we have to maintain the distancing to some extent.""#COVID19 #india @Outlookindia
https://t.co/kgQafhj3ME",,,Washington DC & New Delhi
224,"RT @MaryMillben: Ive been blessed by music created during #COVID19. Composed by my favorite, @arrahman, #HumHaarNahiMaanenge pays tribute",,,USA
225,RT @navjivanindia: #India10#Coronavirus,,,
226,"RT @IAMCouncil: The mans son, who lives in Nagpur, refused to accept the body and perform the funeral. So, a local Muslim group performe",,,
227,"#Covid19 tally in #India rises to over 145,000 cases, death toll at 4,167
https://t.co/XOJibd2wpb",,,New Delhi
228,RT @sunnewstamil:Update !#SunNews #Corona #CoronaVirus #Covid19 #IndiafightsCorona #Pandemic #Outbreak #stayhome #stayhomestaysaf,,,
229,"RT @fmarmole: In #India, the reverse migration to villages due to the crisis or #COVID19, has set economy back by 15 yr., says Prof. @SMehr",,,"Awantipora, Jammu And Kashmir"
230,RT @IsraelinIndia: Meet the youngest participant in #WorldHackathonDay: from #India and only 10 years old!Join @TheWorldHack this weeken,,,Israel
231,"#Brasil, #Rusia, #India, #China y #Sudfrica podrn solicitar lneas de crdito al Nuevo Banco de Desarrollo del grupo BRICS, para resarcir los gastos asumidos por estos pases en la lucha contra el #COVID19.TW/@NDB_int@Notimex_TV#Notimex https://t.co/qNgnvOTHsT",,,
232,"Ive been blessed by music created during #COVID19. Composed by my favorite, @arrahman, #HumHaarNahiMaanenge pays tribute to the spirit of #India - a song of strength, hope and unity. Joined by lyricist @prasoonjoshi_ &amp; many talented artists. So beautiful!
https://t.co/YewtPhpQuu",,,A little bit of everywhere....
233,RT @roudabehkishi: #CyclonAmphan isn't the only threat those in #Bangladesh &amp; #India's #WestBengal face.#COVID19 has resulted in fears m,,,"New York, USA"
234,"#India's #COVID19 #ContactTracing app @SetuAarogya is now #OpenSource:
https://t.co/ulyzeuczsV
#trending #AarogyaSetu #coronavirus #AarogyaSetuApp",,,Global
235,"RT @w_karve: #JustAsking
#COVID #Lockdown #Maharashtra
#Pune #PCMC #Mumbai
In lockdown - isn't it risky for #Residential #Societies to allo",,,
236,RT @YuHelenYu: #India resumed domestic #flights Monday.Here are snaps of people wearing #faceshields. Is this the new way of #air #travel,,,"Benin-City, Nigeria"
237,8 BEST RATED #CORONAVIRUS APPS https://t.co/fYnCaPoNc0 via @YouTube #latvia have the best #covid19 tracking app alongside #qatar #UAE #israel #southkorea #australia #india #ghana https://t.co/tBkbLxpdip,,,"Dubai, United Arab Emirates"
238,RT @roudabehkishi: #CyclonAmphan isn't the only threat those in #Bangladesh &amp; #India's #WestBengal face.#COVID19 has resulted in fears m,,,
239,"RT @DeoSahil: An update on the confirmed #COVID19 cases in #India
Data updated last evening.#Karnataka has seen a spike, so has #Bihar &amp;",,,‡§¨‡§ø‡§π‡§æ‡§∞ & ‡§ù‡§æ‡§∞‡§ñ‡§Ç‡§°
240,"#India: @OBS_defenders joins 23 other NGOs in calling for the release of #humanrights defenders arbitrarily held under #UAPA legislation and whose lives are at risk due to #COVID19. Including #safoorazargar, 27, who is pregnant#FacesOfHopehttps://t.co/KEkNxQ952C https://t.co/wRzV9kEi6b",,,Worldwide
241,"In what can be primarily attributed to #COVID19 measures, #Indias total #CO2 emissions have fallen for the first time in 4 decades. Decreased coal-fired power production and an increased use of #renewable #energy sources are also helping. #WeCanDoBetter https://t.co/OpbX4wl9nU",,,
242,RT @amitcool10: @ArvindKejriwal @brijeshgoyalaapGood decision of reopening delhi as you can see everyone is maintaining social distan,,,delhi
243,"NBR's Dr. Kenneth Pyle on #COVID19's catalyzing effect on nuclear energy: ""The Nuclear Non-Proliferation Treaty is on life support, while tensions between two nuclear weapons states outside the treaty, #India and #Pakistan, continue to escalate.""READ : https://t.co/41K7FQwz9J https://t.co/xKcKRUQRWM",,,"Seattle, WA & Washington, DC"
244,#CyclonAmphan isn't the only threat those in #Bangladesh &amp; #India's #WestBengal face.#COVID19 has resulted in fears manifesting as mob violence in the region; so the impacts of the cyclone could have a number of ripple effects https://t.co/q1SYwVYAjY,,,"Atlanta, GA, USA"
245,RT @amitcool10: @ArvindKejriwal @brijeshgoyalaapGood decision of reopening delhi as you can see everyone is maintaining social distan,,,
246,US #imports record amount of #gold #bullion from #Switzerland as #CoronaVirus upends #trade via @peterhobson15 #China #HongKong #India #CME #Comex #Covid19#BuyGoldBlackAmericahttps://t.co/UR3mP5vwt8 https://t.co/PE5lmllZoC,,,
247,RT @sri50: Every state in #India is blaming other state returnees for spike in #covid19 cases in their state !The trouble is that you can,,,"Virugambakkam,Chennai "
248,#India cannot expect to beat #Covid19 without tackling hate and corruption. @mg2411https://t.co/mCYaTJPqxj https://t.co/BU6Up0kTnQ,,,"Berlin, Germany"
249,"The postcards were released by @GovernorOdisha Prof. Ganeshi Lal at Rajbhavan on Tuesday.#Coronavirus #COVID19 #PostalCover #Post #IndiaPost #Odisha #India #MyCityLinks
https://t.co/IDmUFCTR8m",,,Bhubaneswar
250,RT @MEESHASHARMA21: @PMOIndia @DrSJaishankar @drharshvardhan #StudentsAgainstFear #Covid_19 #IndiaFightsCorona #IndianAirForce #IndiaFights,,,
251,RT @GVMC_OFFICIAL: Commissioner GVMC Dr. G.Srijana inspected the containment area of Jalaripeta and instructed the citizens to follow the p,,,"Vishakhapatnam, India"
252,"Eliminates airborne viruses, and keeps your house cool in this sweltering heat! Thats a Daikin #JTKJ for you: https://t.co/rYWi5ANpGb
#InnovatingGoodness #HealthyAirConditioning #IndiaFightsCOVID19 https://t.co/lEzCAGPXU9",,,New Delhi
253,"RT @SmartAllahabad: ##,",,,Prayagraj
254,"RT @SmartAllahabad: ##,",,,"Prayagraj , UP"
255,RT @mainpuripolice: #lockdown4#_,,,kirorimal college
256,"#IndiaFightsCOVID19 It is proven that #SocialDistancing is a joke atleast in Bangalore. In this backdrop opening of all malls, cinema halls &amp; places of worship across Karnataka is the most dangerous thing to do. @BSYBJP ji why are we rushing? One Maha is enough.",,,"Bengaluru, India"
257,RT @lakshay_cop:,,,"Jaipur, India"
258,"RT @PIB_India: As on 25th May 2020, a total of 3274 #ShramikSpecial trains operationalized from various states across the country. More tha",,,"New Delhi, India"
259,?#Blame #pandemic #CoronaPandemic#IndiaFightsCOVID19 .,,,"Pune/Kalaburgi, India"
260,"RT @News18Bihar: #VIDEO :''@yadavtejashwihttps://t.co/0pyFG3lixR
#IndiaFightsCOVID",,,
261,"RT @IASEverester: #Press
#StaySafeStayHome#IndiaFightsCOVID19##_",,,kirorimal college
262,"India: omg chamgadar
Le china: dinner dinner
#ChinaLiedPeopleDied #Covid_19#lockdownindia #StayAtHome#IndiaFightsCOVID19",,,
263,"RT @PIB_India: As on 25th May 2020, a total of 3274 #ShramikSpecial trains operationalized from various states across the country. More tha",,,‡§≠‡§æ‡§∞‡§§ ( ‡§∞‡§æ‡§Æ‡§∞‡§æ‡§ú‡•ç‡§Ø )
264,Youngest dynamic mla sir jiA family man!@sanghaviharsh#GujaratFightsCovid19#IndiaFightsCOVID19 https://t.co/tubG00OEaP,,,"Gujarat, India"
265,RT @LiveNewDelhi: Are we burying our head in sand?People died of #starvation related illnesses today ~ 8500 (Statistical Avg.)People di,,,
266,RT @LiveNewDelhi: Are we burying our head in sand?People died of #starvation related illnesses today ~ 8500 (Statistical Avg.)People di,,,"Agra, India"
267,"We are trying our level best to make passengers of Shramik specials feelcomfortable.We are providing them meals for then and also to take along the journey.
@RailMinIndia @PiyushGoyalOffc#India #IndianRailways #Karnataka #IndiaFightsCOVID19 #ShramikSpecialTrains https://t.co/RvyQGyT5IG",,,"Hubli, Karnataka"
268,"##,, , ,#IndiaFightsCOVID19",,,"Allahabad, Uttar Pradesh"
269,RT @jammusector: @jammusector @CRPFmadadgaar@crpfindia 121 Bn distributeddry ration packets to needy and poorfamily residing in vill,,,
270,RT @DM_DEO_Central: #Interaction with #DBC #workers MCD and #distribution of #PPE_gears#COVID__19 #CoronaWarriors#StaySafeStayHome #De,,,
271,RT @MmMusicindia: The winners will be announced on 1st June 6 PM on @MmMusicindia Instagram Story#ContestAlert #Contest #Giveaway #contes,,,India
272,@MoHFW_INDIA @PMOIndia @drharshvardhan @AshwiniKChoubey @PIB_India @PIBHomeAffairs @mygovindia @MIB_India @MoCA_GoI @COVIDNewsByMIB @CovidIndiaSeva Recommendation.... If we post these infographics on TV it would be easier to reach out to the public rather than Twitter... Everyone watches TV rather than Twitter.... #IndiaFightsCoronavirus #IndiaFightsCOVID19 #IndiaFightsCorona @MoHFW_INDIA,,,Bengaluru South
273,"#etah - .(63),#Covid_19#COVID19 #IndiaFightsCOVID19",,,Etah (U.P.) & New Delhi
274,RT @CNNnews18: A bench headed by Justice Ashok Bhushan took suo motu cognisance of the issues relating to migrant workers and sought a resp,,,"New Delhi, India"
275,"RT @agrapolice: #AgraPolice~
#COVID19#Lockdown4#___",,,"Mathura, India"
276,"RT @AirRohtak:#19!#IndiaFightsCOVID19
@shashidigital @AirVaranasi @A",,,
277,"@_Amar_N You often tweet about Bengaluru traffic issues. But today, do you miss those sticky traffic jam days, barking horns, brake more than accelerator ? For now, Stay Home. Stay Safe. Take care. #Bengaluru #IndiaFightsCOVID19#againinventnewslagsinjam #hope #jamswillbeback",,,PATNA
278,"RT @CNNnews18: #NewsAlertI believe in my school and my government, says a student who has come to give board examination.The examin",,,"Chennai, India"
279,"RT @SWRRLY: Today's 1st #ShramikSpecial left KSR #Bengaluru at1.17am to Barkakhana in #Jharkhand ferrying 1600 passengers
@drmsbc#Ind",,,"Mumbai, India"
280,"RT @BharathReddyBJP:-..
@swamidipankar @Sunil_Deodhar @TajinderBagga",,,Mirzapur
281,"RT @CNNnews18: #NewsAlertI believe in my school and my government, says a student who has come to give board examination.The examin",,,kanjirappally 
282,RT @CISFHQrs: #IndiaFightsCOVID19#CoronaWarriorsThe resumption of Domestic flights and Expats evacuationoperations are successfully,,,kirorimal college
283,"RT @CISFHQrs: Front line warriors of #CISF performing round the clock, adopting guidelines to fight against #COVID19 spread.Resumption o",,,kirorimal college
284,",(, ,,, ,,,, ),,,#IndiaFightsCOVID19
@me_locket
@keyakahe https://t.co/pCtyYZufbn",,,"West Bengal, India"
285,RT @Bkirtidev: #CoronaWarriors#ahmedabadcorona#ahmedabadfightscorona#IndiaFightsCOVID19#coronavirusinindiaPl take necessary actio,,,"Toronto, Ontario"
286,RT @CNNnews18: A bench headed by Justice Ashok Bhushan took suo motu cognisance of the issues relating to migrant workers and sought a resp,,,Delhi/Noida 
287,"RT @CNNnews18: #NewsAlertI believe in my school and my government, says a student who has come to give board examination.The examin",,,Chennai
288,RT @LiveNewDelhi: Are we burying our head in sand?People died of #starvation related illnesses today ~ 8500 (Statistical Avg.)People di,,,Mumbai India 
289,"RT @shubh0147: A real warrior, a real hero.Thank you sir @SonuSood We need alot of superheros like you.
#IndiaFightsCoronavirus #IndiaFight",,,Hindustan
290,"#IndiaFightsCOVID19#ZEEhadi exposed here, please listenhttps://t.co/GGe1HHog67 https://t.co/blWSkblkAE",,,"California, United States"
291,"@SonuSood Though youre blessed with all the resources and grace but, in any case your team need any kind of help, i would love to add a cherry on your cake via small help/contribution.. #StaySafeStayHome #IndiaFightsCOVID19 #TogetherWeCan",,,
292,"@jammusector @CRPFmadadgaar@crpfindia 121 Bn distributeddry ration packets to needy and poorfamily residing in vill-Chhapar morh, Chadwal and Gadiyali,Kathua (J&amp;K) after being approached by these families to@CRPFmadadgaar#CRPF in service to humanity #IndiaFightsCOVID19 https://t.co/ZRGWp4UaWi",,,"Jammu, Jammu And Kashmir"
293,"#BREAKING
#CoronaUpdatesInIndia,434963,811#IndiaFightsCOVID19",,,"Sasaram, Varanasi, Delhi"
294,"RT @PIBHomeAffairs: MHA issues order to further extend #lockdownindia till 31.05.2020, to fight #COVID19
New guidelines have permitted cons",,,
295,"RT @UNICEFIndia: If you are in trouble, you can seek help anonymously. Report instances of crimes against children on 1098 or 100.Be saf",,,"New Delhi, Delhi"
296,RT @wasimkh00: @MmMusicindia @MantramugdhEnt Done#ContestAlert #Giveaway #contestalertindia @MantramugdhEnt #giveawaycontest#GiveawayA,,,Kota Rajasthan 
297,"RT @CNNnews18: #NewsAlertI believe in my school and my government, says a student who has come to give board examination.The examin",,,Keralam
298,RT @ConcorNwr: @concor_india @RailMinIndia @ConcorW@ConcorW#IndiaFightsCOVID19#Concor_Can_Conquer,,,
299,RT @imSatish21: #Lockdownextention #Lockdown4point0 #lockdown #Lockdown5 #IndiaFightsCOVID19 #indialockdown #LockdownLevel5 https://t.co/Dd,,,
300,RT @sagarikaghose: India only country where medical emergency now a full blown police state. Why is @DelhiPolice arresting anti CAA protest,,,"New Delhi, Delhi"
301,RT @sagarikaghose: India only country where medical emergency now a full blown police state. Why is @DelhiPolice arresting anti CAA protest,,,
302,:..1#lockdownindia#templeopens https://t.co/hp3gwsJZcJ,,,"Banglore, India"
303,RT @ashutosh83B: :# #___ # #,,,"Montreal, Canada"
304,RT @ashutosh83B: :# #___ # #,,,
305,RT @sagarikaghose: India only country where medical emergency now a full blown police state. Why is @DelhiPolice arresting anti CAA protest,,,
306,RT @sagarikaghose: India only country where medical emergency now a full blown police state. Why is @DelhiPolice arresting anti CAA protest,,,
307,RT @SachinKhunger: Cant stop laughing whatsapp fwd #liquor #Liquorshops #wine #daaru #wineshops #tuesdayvibes #alcohol #beer #tuesdaymood,,,
308,"RT @bbcnewsmarathi:.'
.
.
@CMOMaharashtra @AnilDeshmukhNCP @",,,Walkeshwar
309,RT @sagarikaghose: India only country where medical emergency now a full blown police state. Why is @DelhiPolice arresting anti CAA protest,,,
310,RT @sagarikaghose: India only country where medical emergency now a full blown police state. Why is @DelhiPolice arresting anti CAA protest,,,Bangalore 
311,RT @sagarikaghose: India only country where medical emergency now a full blown police state. Why is @DelhiPolice arresting anti CAA protest,,,"Hyderabad, India"
312,RT @sagarikaghose: India only country where medical emergency now a full blown police state. Why is @DelhiPolice arresting anti CAA protest,,,"Hyderabad, India"
313,"@PIBFactCheck @RailMinIndia @DDNewslive @airnewsalerts @PiyushGoyal Dear PIB, ask @PiyushGoyal , how railways used to manage the routes before #lockdownindia days ?? Compared to earlier, very few trains are running these days. Trains used to be late b4 lockdown but not to that extent (like &gt;60 hrs etc.). Have #IndianRailways forgot their work?",,,India
314,RT @ashutosh83B:?# #_ #coronavirus #Covid_19india #Covid_19 #Loc,,,"‡§Æ‡•Å‡§Ç‡§¨‡§à, ‡§≠‡§æ‡§∞‡§§"
315,we can reflect light in powerful ways if we choose to do so #lockdownindia#titutalks https://t.co/AsPjAnCLix,,,"Bengaluru, India"
316,#IndiaBacktoWork #IndiaFightCorona #StayHomeStaySafe #VocalForLocal #Pff #lockdownindia https://t.co/DGzmrAPEp8,,,"Andhra Pradesh, India"
317,RT @sagarikaghose: India only country where medical emergency now a full blown police state. Why is @DelhiPolice arresting anti CAA protest,,,"New Delhi, India"
318,RT @sagarikaghose: India only country where medical emergency now a full blown police state. Why is @DelhiPolice arresting anti CAA protest,,,
319,RT @sagarikaghose: India only country where medical emergency now a full blown police state. Why is @DelhiPolice arresting anti CAA protest,,,
320,RT @sagarikaghose: India only country where medical emergency now a full blown police state. Why is @DelhiPolice arresting anti CAA protest,,,Delhi and the world 
321,RT @sagarikaghose: India only country where medical emergency now a full blown police state. Why is @DelhiPolice arresting anti CAA protest,,,
322,Arrangements done by #UttarPradesh govt CM #YogiAdityanath for #Shramik#MigrantLabourers coming from various states.How can a CM implement arrangements this way ?#lockdownindia https://t.co/91VL91IgYX,,,
323,RT @ashutosh83B: :# #___ # #,,,mah ind
324,RT @ashutosh83B: :# #___ # #,,,"‡§ú‡§¨‡§≤‡§™‡•Å‡§∞, ‡§≠‡§æ‡§∞‡§§"
325,"RT @NDTVHopLive: The Supreme Court has taken notice of the plight of migrant labourers, and asked the government what steps they have taken",,,
326,"RT @Yazhini_11: Me: May 2020 Is almost better, I hope June gets better#Covid_19 #lockdownindia #tuesdaymood #locust_attack https://t.co/0",,, ‡§≠‡§æ‡§∞‡§§ üáÆüá≥
327,RT @ashutosh83B:?# # #_ #lockdownindi,,,"Palanpur, India"
328,RT @ashutosh83B:?# #_ #coronavirus #Covid_19india #Covid_19 #Loc,,,"Jaunpur, Uttar Pradesh"
329,#lockdownindia #QuarantineDays https://t.co/QARZd0sead,,,
330,RT @sagarikaghose: India only country where medical emergency now a full blown police state. Why is @DelhiPolice arresting anti CAA protest,,,India
331,"RT @bbcnewsmarathi:.'
.
.
@CMOMaharashtra @AnilDeshmukhNCP @",,,
332,RT @sagarikaghose: India only country where medical emergency now a full blown police state. Why is @DelhiPolice arresting anti CAA protest,,,"‡§™‡§∂‡•ç‡§ö‡§ø‡§Æ ‡§¨‡§Ç‡§ó‡§æ‡§≤, ‡§≠‡§æ‡§∞‡§§"
333,"India: omg chamgadar
Le china: dinner dinner
#ChinaLiedPeopleDied #Covid_19#lockdownindia #StayAtHome#IndiaFightsCOVID19",,,
334,RT @sagarikaghose: India only country where medical emergency now a full blown police state. Why is @DelhiPolice arresting anti CAA protest,,,India
335,RT @ashutosh83B: :# #___ # #,,,Maldives
336,"@drSujayShad @ShamikaRavi Sadly Yes. It looks like all gains of the #lockdownindia have been frittered away in a jiffy. It's a free for all now. Rahi Sahi kasar flights aur trains poor Karein gi. My estimate is at this rate, India will trump USA in 3 months for sure.",,,"DELHI, KASHMIR"
337,"RT @thepostonlive: Why India's unplanned Lockdown was a Total Failure ?
#lockdownindia #Covid_19india#Lockdownextention https://t.co/vH80",,,
338,RT @ashutosh83B:?# # #_ #lockdownindi,,,
339,RT @sagarikaghose: India only country where medical emergency now a full blown police state. Why is @DelhiPolice arresting anti CAA protest,,,
340,RT @ashutosh83B: :# #___ # #,,,INDIA
341,RT @ashutosh83B: :# #___ # #,,,new delhi
342,RT @sagarikaghose: India only country where medical emergency now a full blown police state. Why is @DelhiPolice arresting anti CAA protest,,,"Jhunjhunu, Rajasthan, India"
343,RT @HimaniS47617068: #CBI___CI: Rajgarh SHO Vishnu Dutt Bishnoi Suicide Case https://t.co/w6mUbVAMY1 via @@liveheednews #Vish,,,Delhi 
344,RT @sagarikaghose: India only country where medical emergency now a full blown police state. Why is @DelhiPolice arresting anti CAA protest,,,
345,RT @sagarikaghose: India only country where medical emergency now a full blown police state. Why is @DelhiPolice arresting anti CAA protest,,,
346,"RT @thepostonlive: Why India's unplanned Lockdown was a Total Failure ?
#lockdownindia #Covid_19india#Lockdownextention https://t.co/vH80",,,
347,RT @HimaniS47617068: #CBI___CI: Rajgarh SHO Vishnu Dutt Bishnoi Suicide Case https://t.co/w6mUbVAMY1 via @@liveheednews #Vish,,,"New Delhi, Delhi"
348,"Courtesy THALLI and DIYA... the #lockdownindiasimply allowed #Covid_19 to spend quality time in your HOME as your GUEST ... watching your IMMUNE system become WEAKerr!This why the PEAK in JUNE... post LOCKDOWN... your IMMUNE systems are going to MEET ""The VIrus""",,,New Delhi
349,RT @sagarikaghose: India only country where medical emergency now a full blown police state. Why is @DelhiPolice arresting anti CAA protest,,,
350,"RT @MoHFW_INDIA: #IndiaFightsCorona2,",,,"Uttar Pradesh, India"
351,33#Gurugram #Lockdown4 https://t.co/y45vin5uQd,,,Noida
352,"RT @1stIndiaNews: #Barmer :1522,",,,"Jaipur, India"
353,RT @balliapolice: #/-2#COVID19,,,IG OFFICE VARANASI
354,"RT @DrAMSinghvi:,
Light-- Camera-- --- Social Media#COVID__19 #Lockdown4",,,"Punjabi Bagh, New Delhi, INDIA"
355,"RT @DrAMSinghvi:,
Light-- Camera-- --- Social Media#COVID__19 #Lockdown4",,,
356,"#Lockdown4 :?@ArvindKejriwal @DCPSEastDelhi
@DCPSouthDelhi #lajpatnagar #centermarketdelhi #poshmarkethttps://t.co/vV8hRxCNA9",,,"New Delhi, India"
357,"RT @1stIndiaNews: #Barmer :1522,",,,"Siwana, India"
358,RT @news24tvchannel: CISF reports 20 new Covid-19 cases in 24 hours; maximum at IGI#Lockdown4 #CoronaVirusOutbreak @CISFHQrshttps://t.,,,New Delhi
359,RT @AshishK_BJP:@ManojTiwariMP#Covid_19,,,
360,RT @news24tvchannel:-@RahulGandhi @sakshijoshii #Lockdown4 https://t.co/q4R6pnt69g,,,New Delhi
361,RT @ANI: Delhi: Sports Authority of India (SAI) has resumed sports activities at Major Dhyan Chand National Stadium. SAI has decided that a,,,"Bengaluru, India"
362,"RT @BarabankiD:corona virus119 active,, ",,,Barabanki Utter Pradesh India
363,RT @news24tvchannel: #WHO warns of COVID-19 'second peak' as lockdowns ease@WHO #Lockdown4 #CoronaOutbreakhttps://t.co/CisOy2l5yl,,,New Delhi
364,"RT @1stIndiaNews: #Karauli :,20 ",,,‡§≠‡§æ‡§∞‡§§ RJ34
365,"RT @1stIndiaNews: #Dungarpur :12,,,",,,Prayagraj
366,"#Barmer :1522,,#CoronaVirus #Covid19 #Lockdown4",,,India
367,"RT @agrapolice: #Lockdown4, #_, #_",,,kirorimal college
368,RT @mainpuripolice: #lockdown4#_,,,kirorimal college
369,"RT @drharshvardhan: There is no reason to panic, I said, as mortality rate due to #Covid19 remains low in India whereas the recovery rate i",,,Cutback /orissa
370,"RT @DrAMSinghvi:,
Light-- Camera-- --- Social Media#COVID__19 #Lockdown4",,,In your heart
371,"RT @1stIndiaNews: #Jaipur :@PSKhachariyawas', 25",,,
372,RT @vaibhavdhingra4: @myogiadityanath government on 18th May in #Lockdown4 guidelines had directed that there would be no restriction on pe,,,
373,RT @iampayalghosh: Dolled up for going no where #Lockdown4 https://t.co/7PttOIR4yB,,,Karimnagar | Hyderabad 
374,RT @ETHindi:: Crisil https://t.co/TgInDzzHfl via @NavbharatTimes#Recessi,,,"‡§Ö‡§Ø‡•ã‡§ß‡•ç‡§Ø‡§æ (‡§â.‡§™‡•ç‡§∞) ,‡§≠‡§æ‡§∞‡§§ "
375,RT @ANI: Delhi: Sports Authority of India (SAI) has resumed sports activities at Major Dhyan Chand National Stadium. SAI has decided that a,,,"Tiruchendur, Tamil Nadu"
376,"RT @RoadsOfMumbai: #CoronavirusUpdates for Greater Mumbai as on 26-May.
Source: BMC1002 new cases reported!#21daysLockdown #StayHome",,,
377,"RT @abpmajhatv: #CoronaUpdate!
#coronavirus #abpmajha #lockdown4 https://t.co/mMEJhSp7Fm",,,"Mulund West, Mumbai"
378,"#IndiaFightsCoronaAs a part of the new normal, always follow distancing norms. Share this information and help us to help you. Together we will fight #COVID19.#CoronaOutbreak #SwasthaBharat #HealthForAll #Lockdown4 https://t.co/ryM6soVMmI",,,"New Delhi, India"
379,"#Karauli :,20, 22...#CoronaVirus #Covid19 #Lockdown4 https://t.co/b2Uun7MgPB",,,India
380,RT @ndtv: Passengers arrive at Delhi's IGI Airport to board their respective flights. #DomesticFlight operations resumed across the country,,,
381,RT @1stIndiaNews: #Jaipur :140--,,,Prayagraj
382,"#Lockdown4 is almost over, yet I think we have just started our #CoronavirusIndia chapter.With just over1.5lakh cases,Ithink the ongoing brutality on #migrantworkers is far from over
I will just post the stories that I hear over her, you Can join whenever you want
#LockdownHorror",,,India
383,"Modus operandi to seek balance in saving lives &amp; livelihoods is a textbook example of #catch22 situation. After all, healthy economy doesn't happen without healthy population
#pandemic #economictsunami #CoronaCrisis #Lockdown4",,,mumbai india
384,"#Jaipur :140--,...#CoronaVirus #Covid19 #Lockdown4 https://t.co/PcryJkweT2",,,India
385,"RT @BarabankiD:corona virus119 active,, ",,,Barabanki utter pradesh india
386,"So done with Slow Food man. I want some FASTFOOD now.
#lockdown #lockdown4 #Quarantine #QuarantineAndChill #fastfood",,,"Darjeeling, India"
387,",@ArvindKejriwal @dtptraffic
#lockdown4 #delhitransport #dtcredbus @ETVBharatDelhi
https://t.co/HeY75fC5dr",,,"New Delhi, India"
388,RT @sunnewstamil:15.#SunNews #Covid_19 #Lock,,,"Nagercoil, India"
389,RT @DigiThane: #Lockdown4 #Thane #Uthalsar(-),,,Thane
390,"2091,36,1168:@rajeshtope11#Corona #Covide19 #RajeshTope @MahaDGIPR #Lockdown4 #CoronaNewsUpdates https://t.co/u1T5FRLMcf",,,"Mumbai, India"
391,RT @advrayadav: We are requesting to Central Govt &amp; State Govt to take appropriate action against this Credit rupee/Credit Cash / Vishnupri,,,
392,"RT @Sanchit73083640: Dho dala
#Lockdown4 https://t.co/CTCdVTaaNF",,,
393,"RT @LambaAlka:#HC#, BJPHC#SC.. ",,,
394,:(SAI)SAI50#lockdown4 https://t.co/4mdCSPTux0,,,India
395,RT @AshishK_BJP:@ManojTiwariMP#Covid_19,,,
396,"RT @drharshvardhan: There is no reason to panic, I said, as mortality rate due to #Covid19 remains low in India whereas the recovery rate i",,,Prayagraj
397,"RT @dm_ghaziabad: Medical Update:District Ghaziabad
Total Positive cases: 235
Total Cured cases: 198
Active Cases Remaining: 35
Today out o",,,New Delhi
398,RT @Srajliwalbjp:@ManojTiwariMP#Covid_19,,,"Najafgarh, New Delhi"
399,RT @sudeep22278: #IndiaFightsCorona--#Healt,,,"Ahmedabad,Gujarat,India."
400,RT @ashutosh83B: :# #___ # #,,,"Montreal, Canada"
401,RT @ashutosh83B: :# #___ # #,,,
402,RT @ashutosh83B: :# #___ # #,,,mah ind
403,RT @ashutosh83B: :# #___ # #,,,"‡§ú‡§¨‡§≤‡§™‡•Å‡§∞, ‡§≠‡§æ‡§∞‡§§"
404,RT @ashutosh83B: :# #___ # #,,,Maldives
405,RT @ashutosh83B: :# #___ # #,,,INDIA
406,RT @ashutosh83B: :# #___ # #,,,new delhi
407,RT @Nainaa58: @manglani_haresh @savitha_rao @amitsurg @PMOIndia @narendramodi @maha_governor @MatruBhakt @IKaransharma27 @meenakshisharan @,,,"Bengaluru, India"
408,RT @ashutosh83B: :# #___ # #,,,NEW  DELHI
409,RT @Nainaa58: @manglani_haresh @savitha_rao @amitsurg @PMOIndia @narendramodi @maha_governor @MatruBhakt @IKaransharma27 @meenakshisharan @,,,"‡§™‡•ç‡§∞‡§≠‡§æ‡§¶‡•á‡§µ‡•Ä, ‡§Æ‡•Å‡§Ç‡§¨‡§à"
410,RT @ashutosh83B: :# #___ # #,,,delhi
411,RT @vinny23398: I am chai and looking for biscuit #chailove #whycovidkillingchailove #JusticeForTamilGenocide #patalok #gautamgambhir #lock,,,Kadi
412,RT @ashutosh83B: :# #___ # #,,,
413,"https://t.co/fXQV1FkEIj
The Indian government aims at countering the criticism which it faced over privacy of the user data stored in the Arogya Setu app
#arogyasetuapp #COVID__19 #coronavirus #lockdown4guidelines",,,"Gurgaon, India"
414,RT @ashutosh83B: :# #___ # #,,,
415,RT @ashutosh83B: :# #___ # #,,,
416,RT @ashutosh83B: :# #___ # #,,,Uttarakhand
417,RT @ashutosh83B: :# #___ # #,,,India
418,RT @ashutosh83B: :# #___ # #,,,Pratapgarh Rajasthan 
419,RT @ashutosh83B: :# #___ # #,,,Mumbai
420,RT @ashutosh83B: :# #___ # #,,,
421,RT @ashutosh83B: :# #___ # #,,,"New Delhi, India"
422,RT @ashutosh83B: :# #___ # #,,,
423,RT @ashutosh83B: :# #___ # #,,,New Delhi
424,LDUs counting down to curfew time like#lockdown #LockdownEnd #lockdown4guidelines https://t.co/tXo2y5JBfk,,,Uganda
425,RT @ashutosh83B: :# #___ # #,,,"Asansol, India"
426,"RT @amitacount: If we were to live with the #Caronavirus then why was this 2 month #lockdown imposed...
#lockdown4guidelines alll these th",,,
427,RT @ashutosh83B: :# #___ # #,,,"Lucknow, India"
428,RT @ashutosh83B: :# #___ # #,,,"hilsa, nalanda"
429,RT @ashutosh83B: :# #___ # #,,,"Lucknow, India"
430,RT @ashutosh83B: :# #___ # #,,,Delhi 
431,RT @ashutosh83B: :# #___ # #,,,"Nadiad,(Gujarat) India"
432,RT @ashutosh83B: :# #___ # #,,,Delhi
433,RT @ashutosh83B: :# #___ # #,,,"New Delhi, India"
434,RT @ashutosh83B: :# #___ # #,,,"Sasaram, India"
435,RT @ashutosh83B: :# #___ # #,,,‡§≠‡§æ‡§∞‡§§
436,RT @ashutosh83B: :# #___ # #,,,
437,"Lockdown 4.0Restrictions are there but you can cross it , just like the nowadays relationship
love is there but you can cheat on it ..#lockdownextension #lockdown4guidelines #Quarantine #Locusts #relationships #love #dating",,,"Gurgaon, India"
438,RT @ashutosh83B: :# #___ # #,,,"Rewa, India"
439,Institutionlaptop??Online? #lockdown4guidelines@myogiadityanath,,,"New Delhi, India"
440,RT @ShashiPandey109:#lockdownindia #lockdown4guidelines #lockdown2020 #shashipandey @ShashiPandey109 @A,,,‡§≠‡§æ‡§∞‡§§
441,RT @ashutosh83B: :# #___ # #,,,"Ghaziabad, India"
442,RT @ashutosh83B: :# #___ # #,,,New Delhi
443,RT @ashutosh83B: :# #___ # #,,,
444,RT @ashutosh83B: :# #___ # #,,,
445,RT @ashutosh83B: :# #___ # #,,,
446,",4,342.3,997 .4,222:, ACS,,#lockdown4guidelines #lockdownextension https://t.co/IG3Rfk8FmT",,,"‡§¶‡§ø‡§≤‡•ç‡§≤‡•Ä, ‡§≠‡§æ‡§∞‡§§"
447,RT @ashutosh83B: :# #___ # #,,,
448,"RT @Dlsandeepthakur: #_#?#___
#ShahidAfridi#afridi#lockdown4gu",,,
449,"RT @Dikshants112: #Lockdown4: Here's what's allowed, what's not from today#Lockdown4point0 #lockdown4guidelines #LockdownExtended #lockdo",,,"Kota, India"
450,"RT @abclifein: Weve got you covered whether it is an excess premium refund or simply paying your premium, you can process these from the c",,,mumbai(BIRTH PLACE  KOLKATA)
451,"RT @abclifein: Weve got you covered whether it is an excess premium refund or simply paying your premium, you can process these from the c",,,Mumbai
452,"Weve got you covered whether it is an excess premium refund or simply paying your premium, you can process these from the comfort of your home. #StayAtHomeIndia and do the #SAHI thing. https://t.co/dxHRI2jLZI",,,
453,"These are tough times, and stepping out may not be safe. #StayAtHomeIndia and drop us a mail with your query from the comforts of your home.#StayAtHomeIndia. https://t.co/UUxTCEc4uf",,,
454,RT @pune_pro: Stay Healthy#Covid19 #SwasthaBharat #sayyes2precautions#StayHomeIndia,,,
455,RT @SpokespersonMoD: Thank them for manning and keeping us safe during #Covid19 pandemic.#SwasthaBharat #sayyes2precautions #MoDAgainstCo,,,
456,RT @SpokespersonMoD: Follow these safety tips and keep #COVID19Pandemic at bay. #Covid19 #SwasthaBharat #sayyes2precautions #MoDAgainstCoro,,,
457,"#Maharashtra District and Municipal Corporation wise #Corona active cases as on 26 May 2020#StayHomeIndia#StayAwareStaySafe#WarAgainstVirus#StayHome
#CoronaUpdates
#MaharashtraFightsCorona https://t.co/c1piBq45oL",,,New Delhi
458,RT @SpokespersonMoD: Raksha Mantri Shri Rajnath Singh speaks with Australian Defence Minister over phone on mitigating COVID-19 https://t.c,,,
459,RT @SpokespersonMoD: Maintain #SocialDistancing and avoid crowding and over-populated places.#Covid19 #SwasthaBharat #sayyes2precautions,,,
460,RT @micnewdelhi: District and Munciple Corporation wise #Corona active cases in Maharashtra. As on 26 May 2020.#StayHomeIndia#StayAware,,,"Pune, India"
461,RT @micnewdelhi: District and Munciple Corporation wise #Corona active cases in Maharashtra. As on 26 May 2020.#StayHomeIndia#StayAware,,,"Maharashtra, India"
462,RT @SpokespersonMoD:-19,,,
463,"District and Munciple Corporation wise #Corona active cases in Maharashtra. As on 26 May 2020.#StayHomeIndia#StayAwareStaySafe#WarAgainstVirus#StayHome
#CoronaUpdates
#MaharashtraFightsCorona https://t.co/QNKpXZxLsy",,,"Mumbai, India"
464,RT @SpokespersonMoD: Raksha Mantri Shri Rajnath Singh speaks with Australian Defence Minister over phone on mitigating COVID-19 https://t.c,,,"Lucknow, India"
465,"District and Munciple Corporation wise #Corona active cases in Maharashtra. As on 26 May 2020.#StayHomeIndia#StayAwareStaySafe#WarAgainstVirus#StayHome
#CoronaUpdates
#MaharashtraFightsCorona https://t.co/T4y1L9Q6hp",,,NEW DELHI
466,"RT @moefcc: #COVID19-,,#PhysicalDistancing",,,"‡§ó‡•Å‡§°‡§º‡§ó‡§æ‡§Ç‡§µ, ‡§≠‡§æ‡§∞‡§§"
467,RT @SpokespersonMoD: Don't spread rumours spread what is right and correct Let us unite and fight this #Covid19 pandemic.#SwasthaBharat #,,,
468,RT @SpokespersonMoD: Thank them for manning and keeping us safe during #Covid19 pandemic.#SwasthaBharat #sayyes2precautions #MoDAgainstCo,,,
469,RT @SpokespersonMoD: Raksha Mantri Shri Rajnath Singh speaks with Australian Defence Minister over phone on mitigating COVID-19 https://t.c,,,
470,"RT @VeeanaPerfumery: Choose wisely because that is going to decide the outcome.
Stay indoor and stay safe.
#VeeanaPerfumery#QualityProduc",,,Punjab
471,RT @VeeanaPerfumery: Make your work from home more productive by lighting an incense sticks from #VeeanaPerfumery that will not only surrou,,,Punjab
472,RT @VeeanaPerfumery: Create a positive and energetic environment around yourself while doing your prayers with the assistance of Pure Camph,,,Punjab
473,RT @SpokespersonMoD: Maintain #SocialDistancing and avoid crowding and over-populated places.#Covid19 #SwasthaBharat #sayyes2precautions,,,proud Indian 
474,RT @SpokespersonMoD: Thank them for manning and keeping us safe during #Covid19 pandemic.#SwasthaBharat #sayyes2precautions #MoDAgainstCo,,,"Bilaspur, India"
475,RT @SpokespersonMoD: Raksha Mantri Shri Rajnath Singh speaks with Australian Defence Minister over phone on mitigating COVID-19 https://t.c,,,"Bilaspur, India"
476,RT @SpokespersonMoD:-19,,,
477,"RT @road2rajesh:...,#stayhomeindia",,,Kolhapur 
478,RT @SpokespersonMoD:-19,,,"Jammu, Jammu And Kashmir"
479,"RT @moefcc: #COVID19-,,#PhysicalDistancing",,,Kanpur
480,PRE-MARITAL CHECK UP: ://../:/# # # # https://t.co/zd1nm13WCr,,,
481,RT @SpokespersonMoD:-19,,,"Shillong, India"
482,RT @SpokespersonMoD: Raksha Mantri Shri Rajnath Singh speaks with Australian Defence Minister over phone on mitigating COVID-19 https://t.c,,,India
483,RT @SpokespersonMoD:-19,,,"Raipur , Chhattisgarh, India"
484,RT @SpokespersonMoD: Maintain #SocialDistancing and avoid crowding and over-populated places.#Covid19 #SwasthaBharat #sayyes2precautions,,,"Raipur , Chhattisgarh, India"
485,RT @SpokespersonMoD: Raksha Mantri Shri Rajnath Singh speaks with Australian Defence Minister over phone on mitigating COVID-19 https://t.c,,,"Uttar Pradesh, India"
486,RT @SpokespersonMoD:-19,,,"Chhattisgarh, India"
487,RT @SpokespersonMoD: Raksha Mantri Shri Rajnath Singh speaks with Australian Defence Minister over phone on mitigating COVID-19 https://t.c,,,kanyakumari tamilnadu
488,RT @SpokespersonMoD: Follow these safety tips and keep #COVID19Pandemic at bay. #Covid19 #SwasthaBharat #sayyes2precautions #MoDAgainstCoro,,,"Jaipur, India"
489,RT @SpokespersonMoD: Follow these safety tips and keep #COVID19Pandemic at bay. #Covid19 #SwasthaBharat #sayyes2precautions #MoDAgainstCoro,,,"Bilaspur, India"
490,"RT @priyankmunjoshi: A little Appeal from daughter to fight with #CoronavirusOutbreakindia , #StayHomeStaySafe #StayHomeIndia #StayAtHome @",,,"Rajasthan, India"
491,RT @SpokespersonMoD: Raksha Mantri Shri Rajnath Singh speaks with Australian Defence Minister over phone on mitigating COVID-19 https://t.c,,,"Banuchhapar, Bettiah, Bihar"
492,Fill your everyday with positivity &amp; energy by burning #VeeanaPerfumery Incense Sticks. The fragrance of incense sticks will make you believe in yourself a little more every day.#QualityProducts &amp; #PureProducts r #VeeanaProducts.#lockdown4 #incensestick #prayer #stayhomeindia https://t.co/CYLHbx5QBg,,,"Mumbai, India"
493,RT @SpokespersonMoD:-19,,,
494,RT @SpokespersonMoD:-19,,,
495,RT @SpokespersonMoD:-19,,,Deoria UP India
496,RT @SpokespersonMoD:-19,,,Barabanki Uttare Pradesh
497,RT @SpokespersonMoD:-19,,,"‡§∏‡§µ‡§æ‡§à ‡§Æ‡§æ‡§ß‡•ã‡§™‡•Å‡§∞, ‡§≠‡§æ‡§∞‡§§"
498,RT @SpokespersonMoD:-19,,,"Jaipur, India"
499,-19https://t.co/JsdtNDIEFp #Covid19 #SwasthaBharat #sayyes2precautions #MoDAgainstCorona #StayHomeIndia #IndiaFightsCorona,,,New Delhi
500,"Bengal tiger relaxing in Pench tiger reserve, Maharashtra.https://t.co/L711Q5JvM4#wildlifephotography #bbcwildlifepotd@BBCEarth @bioGraphic #EarthCapture #bengaltiger #Tigers #naturephotography #mammals #StayHomeIndia #EarthCapture @NatureIn_Focus #wildlifephotography https://t.co/LcmXAJ46yo",,,"Kolkata, India"
501,"RT @mumbaitez: District and Munciple Corporation wise #COVID active cases in #Maharashtra | By @MahaDGIPR
As on 25 May 2020#StayHomeIndia",,,mumbai Maharashtra
502,"#IndiaFightsCoronavirus #StayHomeIndia
# : #""#"".https://t.co/qVgMeuLKMx",,,"Aurangabad, Maharashtra India"
503,"RT @VickyVthakur:#LOCK_DOWN2.
#StayHomeIndia@narendramodi https://t.co/qcZcdwgQgt",,,"CA, US"
504,"RT @AMULYAART7: Once a legend said:,|
Well said Rahul Gandhi
@RahulGandhi",,,"salempur,deoria, uttar pradesh"
505,RT @dinakaranonline: #Lockdown4point0 #StayHome #COVID2019 #CoronaUpdatesInIndia #IndiaFightsCoronavirus #CoronavirusLockdown,,,tamilnadu
506,"The Gautam Budh Nagar district administration on Monday sealed five-storeyed building of Zee Media in Film City, Sector 16A for its thorough sanitization and disinfection after another employee tested positive from a different floor of the building.#CoronaUpdatesInIndia",,,
507,",#CoronaUpdatesInIndia #Indiahttps://t.co/LbvNf8nNej",,,India
508,Alarming Stage for ##CGCoronaUpdates#Chhattisgarh#CoronaUpdatesInIndia#CoronaUpdate#CoronaWarriors-@NavbharatGold https://t.co/Wwjzk2mqok,,,"Chhattisgarh, India"
509,"RT @nagma_morarji: #Delhi; Sanitizer Blast in heat at Rohini flyover Delhi. Please, Never keep a Full bottle of Sanitizer in the car. Carry",,,Seema-bnglr
510,"RT @Bihar_se_hai: Total Covid19 positive cases - 2870
Deceased - 14
Recovered - 800
Still we are not clear about how much we are testing in",,,ü§¨
511,RT @aditytiwarilive:22967243824,,,Prayagraj
512,RT @Avisheksaha18: #CoronaUpdatesInIndia #LocustInvasion #CycloneAmphan #UttarakhandForestFire #AssamFloods #earthquake #MigrantsOnTheRoad,,,
513,"1,50,000 ......850,000#CoronaUpdatesInIndia",,,India
514,"RT @DDOAHMEDABAD1: #CoronaUpdatesInIndiaAhmedabad rural district
26/05/20@CMOGuj@InfoGujarat@GujHFWDept@MoHFW_INDIA@GujPRHDept",,,"Sanand, India"
515,"RT @Ei_Samay:,...
#COVID19InIndia #CoronaOutbreak #CoronaUpdates",,,"West Bengal, India"
516,#jimmyfallonisoverparty #laddakh #CoronaWarriors #CoronaUpdatesInIndia https://t.co/WFwQLWYSd8,,,"Kolkata, India"
517,RT @aditytiwarilive:22967243824,,,India
518,#COVID199;39#CoronaUpdatesInIndia,,,"Delhi, India"
519,"RT @DDOAHMEDABAD1: #CoronaUpdatesInIndiaAhmedabad rural district
26/05/20@CMOGuj@InfoGujarat@GujHFWDept@MoHFW_INDIA@GujPRHDept",,,
520,RT @kpmaurya1:#IndiaFightsCorona #CoronaUp,,,"Meerut, India"
521,RT @kpmaurya1:#IndiaFightsCorona #CoronaUp,,,
522,"RT @nakkheeranweb:,",,,"Pudukkottai, India"
523,"Confirmed cases of #CoronaVirus in #India cross 150,000#CoronaUpdatesInIndia #Covid_19",,,
524,"RT @Sukanya_Anchor:....,",,,"Mahoba, India"
525,"#MigrantLabourers who returned to #Bihar from India's Corona hotspot #Maharashtrarevealed that much prior to their departure, no thermal screening or any sought of mandatory testing or any checking was done.#IndiaFightsCorona #CoronaUpdatesInIndia",,,
526,"RT @nagma_morarji: #Delhi; Sanitizer Blast in heat at Rohini flyover Delhi. Please, Never keep a Full bottle of Sanitizer in the car. Carry",,,"Hyderabad, Andhra Pradesh"
527,"RT @nagma_morarji: #Delhi; Sanitizer Blast in heat at Rohini flyover Delhi. Please, Never keep a Full bottle of Sanitizer in the car. Carry",,,
528,BREAKING |1.#CoronaVirus#COVID19#CoronaUpdatesInIndia #America,,,"Colombo, Srilanka"
529,"RT @MoHFW_INDIA: #CoronaUpdatesInIndiaMs. Preeti Sudan, Health Secretary interacts with 5 States that are seeing upsurge in returning mig",,,
530,"RT @baraju_SuperHit: #TelanganaNew cases - 71
Active cases - 650
Total cases - 1991#TelanganaFightsCorona#CoronaUpdatesInIndia https:",,,"Hyderabad, India"
531,"RT @cwc_warehouse: CWC(PCS) Team Provides Disinfection Services.@irvpaswan @fooddeptgoi #CoronaUpdatesInIndia
#VandeBharatMission @AAI_O",,,
532,RT @NationFirstt: #CongDumpsMaharashtra has costed Uddhav dearly.@uddhavthackeray 's Aspirations of BCMG THE CM of Maharashtra has led h,,,Milky Way Galaxy
533,"RT @Somrita_Ghosh: Private hospitals like Max Delhi are charging around Rs 9,000 for a single PPE kit from kin of #COVID19 +ve admitted. Bi",,,"New Delhi, India"
534,"RT @nagma_morarji: #Delhi; Sanitizer Blast in heat at Rohini flyover Delhi. Please, Never keep a Full bottle of Sanitizer in the car. Carry",,,
535,RT @paathutu: Stay safe at home#stysfewitpaathutuponga #corona #covid_19 #italy #china #iran #america #india #paathutuponga #youtube #mem,,,"Tiruppur, India"
536,"RT @nagma_morarji: #Delhi; Sanitizer Blast in heat at Rohini flyover Delhi. Please, Never keep a Full bottle of Sanitizer in the car. Carry",,,"Vishakhapatnam, India"
537,Stay safe at home#stysfewitpaathutuponga #corona #covid_19 #italy #china #iran #america #india #paathutuponga #youtube #memes #tamil #goawaycoronavirus #kollywood #bollywood #hollywood #tamilquotes #coronaupdatesinindia https://t.co/DNqj465Anl,,,Tiruppur
538,"#BREAKING
#CoronaUpdatesInIndia,434963,811#IndiaFightsCOVID19",,,"Sasaram, Varanasi, Delhi"
539,"RT @nagma_morarji: #Delhi; Sanitizer Blast in heat at Rohini flyover Delhi. Please, Never keep a Full bottle of Sanitizer in the car. Carry",,,Assam
540,"RT @nagma_morarji: #Delhi; Sanitizer Blast in heat at Rohini flyover Delhi. Please, Never keep a Full bottle of Sanitizer in the car. Carry",,,"Hyderabad, India"
541,"Why the government is hidding the number of cases.
Plus The testing rate is going down day by day!
No press conference @BJP4Gujarat#Covid_19india#CoronaUpdatesInIndia#coronavirusinindia",,,"Gandhinagar,Guajrat"
542,"RT @nagma_morarji: #Delhi; Sanitizer Blast in heat at Rohini flyover Delhi. Please, Never keep a Full bottle of Sanitizer in the car. Carry",,,Bezwada
543,This logo of WHO seems perfect if you spent a little time to understand their actual roles and responsibilities v/s what actually they are doing.(Actual GYAN can be taken instantly from thread)#WorldHealthOrganization#Covid_19india#Covid_19#CoronaUpdatesInIndia https://t.co/6UXV8QHh8V,,,"Ghaziabad, India"
544,"#CoronaUpdatesInIndiaAhmedabad rural district
26/05/20@CMOGuj@InfoGujarat@GujHFWDept@MoHFW_INDIA@GujPRHDept@CollectorAhd@AhmedabadPolice 
@AmdavadAMC https://t.co/nAGzQ0tFUs",,,"Lal Daravaja,Bhadra,Ahmedabad"
545,"RT @Kashmirnews22: In first of its kind, horse sent to home #quarantine in JKs #Rajouri//Horse was brought to Rajouri from #Kashmir by it",,,Srinagar 
546,"RT @nagma_morarji: #Delhi; Sanitizer Blast in heat at Rohini flyover Delhi. Please, Never keep a Full bottle of Sanitizer in the car. Carry",,,Anakapalli
547,1 lakh 50k positive cases in India#Covid_19 #CoronaUpdatesInIndia,,,"Bengaluru South, India"
548,"RT @vijay_dhawle: Nagpur #Covid_19 alert: status update of the number of new and total cases as on 26 May 2020
#CoronaUpdatesInIndia #WarAg",,,"Nagpur, Maharastra"
549,"RT @ngpnmc: NMC #Covid_19 alert: status update of the number of new and total cases as on 26 May 2020
#CoronaUpdatesInIndia #WarAgainstViru",,,
550,"RT @faisalmushtaque: #UPDATE on #COVID19
#Maharashtra case count reaches to 54,758 as 2091 cases registered on Tuesday. State also records",,,"Mumbai, India"
551,"RT @AdvManishRaj: #IndiaFightsCorona
#coronavirus Evening Update:New cases 26May till 10 pm:Maharashtra: 2091
Rajasthan: 236
MP: 165
UP",,,
552,"In first of its kind, horse sent to home #quarantine in JKs #Rajouri//Horse was brought to Rajouri from #Kashmir by its owner#CoronaUpdatesInIndia",,,"Anantnag, Jammu And Kashmir"
553,"#IndiaFightsCorona
#coronavirus Evening Update:New cases 26May till 10 pm:Maharashtra: 2091
Rajasthan: 236
MP: 165
UP: 229
WB: 193
Delhi: 412Gujrat: 361
TamilNadu: 646
Karnataka: 101
J&amp;K: 91#COVID19 #CoronaUpdatesInIndia#__ #26___",,,"New Delhi, India"
